,Election,OfficeName,CandidateID,CanFirstName,CanLastName,Votes,PartyAbbrev,CandidateName
0,GE 2016,100TH REPRESENTATIVE,22529,"CHRISTOPHER ""C.D.""",DAVIDSMEYER,41488,REP,"CHRISTOPHER ""C.D."" DAVIDSMEYER"
1,GE 2016,101ST REPRESENTATIVE,22530,CHRISTINE,LAW,13661,DEM,CHRISTINE LAW
2,GE 2016,101ST REPRESENTATIVE,22531,BILL,MITCHELL,41728,REP,BILL MITCHELL
3,GE 2016,102ND REPRESENTATIVE,22532,BRAD,HALBROOK,42559,REP,BRAD HALBROOK
4,GE 2016,103RD REPRESENTATIVE,22533,CAROL,AMMONS,34071,DEM,CAROL AMMONS
5,GE 2016,108TH REPRESENTATIVE,22534,CHARLES,MEIER,48339,REP,CHARLES MEIER
6,GE 2016,109TH REPRESENTATIVE,22535,DAVID B.,REIS,44451,REP,DAVID B. REIS
7,GE 2016,10TH CIRCUIT- GALLEY VACANCY,22536,MICHAEL P.,McCUSKEY,4746,DEM,MICHAEL P. McCUSKEY
8,GE 2016,10TH CIRCUIT- BRANDT VACANCY,22537,JODI M.,HOOS,40390,DEM,JODI M. HOOS
9,GE 2016,10TH CIRCUIT- BRANDT VACANCY,22538,TIM,CUSACK,38205,REP,TIM CUSACK
10,GE 2016,10TH CONGRESS,22539,BRAD,SCHNEIDER,150435,DEM,BRAD SCHNEIDER
11,GE 2016,10TH CONGRESS,22540,ROBERT,DOLD,135535,REP,ROBERT DOLD
12,GE 2016,10TH REPRESENTATIVE,22541,MELISSA,CONYEARS,35858,DEM,MELISSA CONYEARS
13,GE 2016,10TH REPRESENTATIVE,22542,MARK,SPOGNARDI,6911,REP,MARK SPOGNARDI
14,GE 2016,COOK CIRCUIT- ELROD VACANCY,22543,ROSSANA PATRICIA,FERNANDEZ,1487440,DEM,ROSSANA PATRICIA FERNANDEZ
15,GE 2016,110TH REPRESENTATIVE,22544,"REGINALD ""REGGIE""",PHILLIPS,29398,REP,"REGINALD ""REGGIE"" PHILLIPS"
16,GE 2016,111TH REPRESENTATIVE,22545,DANIEL V.,BEISER,24808,DEM,DANIEL V. BEISER
17,GE 2016,112TH REPRESENTATIVE,22546,KATIE,STUART,27594,DEM,KATIE STUART
18,GE 2016,112TH REPRESENTATIVE,22547,DWIGHT,KAY,25875,REP,DWIGHT KAY
19,GE 2016,113TH REPRESENTATIVE,22548,JAY,HOFFMAN,26816,DEM,JAY HOFFMAN
20,GE 2016,113TH REPRESENTATIVE,22549,KATHERINE L.,RUOCCO,18536,REP,KATHERINE L. RUOCCO
21,GE 2016,114TH REPRESENTATIVE,22550,LaTOYA N.,GREENWOOD,26029,DEM,LaTOYA N. GREENWOOD
22,GE 2016,114TH REPRESENTATIVE,22551,BOB,ROMANIK,19492,REP,BOB ROMANIK
23,GE 2016,115TH REPRESENTATIVE,22552,MARSHA,GRIFFIN,21626,DEM,MARSHA GRIFFIN
24,GE 2016,115TH REPRESENTATIVE,22553,TERRI,BRYANT,26454,REP,TERRI BRYANT
25,GE 2016,116TH REPRESENTATIVE,22554,JERRY,COSTELLO II,40599,DEM,JERRY COSTELLO II
26,GE 2016,117TH REPRESENTATIVE,22555,JOHN,BRADLEY,24032,DEM,JOHN BRADLEY
27,GE 2016,117TH REPRESENTATIVE,22556,DAVE,SEVERIN,26946,REP,DAVE SEVERIN
28,GE 2016,118TH REPRESENTATIVE,22557,BRANDON W.,PHELPS,26836,DEM,BRANDON W. PHELPS
29,GE 2016,118TH REPRESENTATIVE,22558,JASON V.,KASIAR,19108,REP,JASON V. KASIAR
30,GE 2016,11TH CIRCUIT- ROBB VACANCY,22559,CASEY,COSTIGAN,109131,REP,CASEY COSTIGAN
31,GE 2016,11TH CIRCUIT- HUSCHEN VACANCY,22560,CHARLES M.,"FEENEY, III",16161,REP,"CHARLES M. FEENEY, III"
32,GE 2016,11TH CONGRESS,22561,BILL,FOSTER,166578,DEM,BILL FOSTER
33,GE 2016,11TH CONGRESS,22562,TONIA,KHOURI,108995,REP,TONIA KHOURI
34,GE 2016,11TH REPRESENTATIVE,22563,ANN M.,WILLIAMS,38028,DEM,ANN M. WILLIAMS
35,GE 2016,11TH REPRESENTATIVE,22564,GARY,MANDELL,15115,REP,GARY MANDELL
36,GE 2016,11TH SENATE,22565,MARTIN A.,SANDOVAL,49632,DEM,MARTIN A. SANDOVAL
37,GE 2016,12TH CONGRESS,22566,"CHARLES ""C.J.""",BARICEVIC,124246,DEM,"CHARLES ""C.J."" BARICEVIC"
38,GE 2016,12TH CONGRESS,22567,MICHAEL,BOST,169976,REP,MICHAEL BOST
39,GE 2016,12TH CONGRESS,22568,PAULA,BRADSHAW,18780,GRN,PAULA BRADSHAW
40,GE 2016,12TH REPRESENTATIVE,22569,SARA,FEIGENHOLTZ,43858,DEM,SARA FEIGENHOLTZ
41,GE 2016,12TH REPRESENTATIVE,22570,GENE,WITT,14161,REP,GENE WITT
42,GE 2016,COOK CIRCUIT- KARNEZIS VACANCY,22571,MARY KATHLEEN,McHUGH,1441385,DEM,MARY KATHLEEN McHUGH
43,GE 2016,18TH CIRCUIT- EQUI VACANCY,22572,PAUL MICHAEL,FULLERTON,313279,REP,PAUL MICHAEL FULLERTON
44,GE 2016,13TH CONGRESS,22573,MARK D.,WICKLUND,126811,DEM,MARK D. WICKLUND
45,GE 2016,13TH CONGRESS,22574,RODNEY,DAVIS,187583,REP,RODNEY DAVIS
46,GE 2016,13TH REPRESENTATIVE,22575,GREGORY,HARRIS,40831,DEM,GREGORY HARRIS
47,GE 2016,13TH SENATE,22576,KWAME,RAOUL,78792,DEM,KWAME RAOUL
48,GE 2016,14TH CONGRESS,22577,JIM,WALZ,137589,DEM,JIM WALZ
49,GE 2016,14TH CONGRESS,22578,"RANDALL M. ""RANDY""",HULTGREN,200508,REP,"RANDALL M. ""RANDY"" HULTGREN"
50,GE 2016,14TH REPRESENTATIVE,22579,KELLY M.,CASSIDY,35989,DEM,KELLY M. CASSIDY
51,GE 2016,14TH SENATE,22580,EMIL,JONES III,79949,DEM,EMIL JONES III
52,GE 2016,15TH CIRCUIT-  URSIN VACANCY,22581,JAMES M.,HAUSER,16795,REP,JAMES M. HAUSER
53,GE 2016,15TH CONGRESS,22582,JOHN M.,SHIMKUS,274554,REP,JOHN M. SHIMKUS
54,GE 2016,15TH REPRESENTATIVE,22583,JOHN C.,D'AMICO,25586,DEM,JOHN C. D'AMICO
55,GE 2016,15TH REPRESENTATIVE,22584,JONATHAN,EDELMAN,16030,REP,JONATHAN EDELMAN
56,GE 2016,COOK CIRCUIT- LOVE VACANCY,22585,BRENDAN A.,O'BRIEN,1445182,DEM,BRENDAN A. O'BRIEN
57,GE 2016,18TH CIRCUIT- ELSNER VACANCY,22586,JENNIFER SHILAKIS,WIESNER,189644,DEM,JENNIFER SHILAKIS WIESNER
58,GE 2016,18TH CIRCUIT- ELSNER VACANCY,22587,LIAM CHRISTOPHER,BRENNAN,207810,REP,LIAM CHRISTOPHER BRENNAN
59,GE 2016,8TH CIRCUIT - McMILLEN VACANCY,22588,SCOTT J.,BUTLER,3294,REP,SCOTT J. BUTLER
60,GE 2016,16TH CONGRESS,22589,ADAM,KINZINGER,259722,REP,ADAM KINZINGER
61,GE 2016,16TH REPRESENTATIVE,22590,LOU,LANG,29719,DEM,LOU LANG
62,GE 2016,16TH SENATE,22591,"JACQUELINE ""JACQUI""",COLLINS,67984,DEM,"JACQUELINE ""JACQUI"" COLLINS"
63,GE 2016,9TH CIRCUIT- STEWART VACANCY,22592,DAVID M.,HANSEN,29411,DEM,DAVID M. HANSEN
64,GE 2016,9TH CIRCUIT- STEWART VACANCY,22593,HEIDI A.,BENSON,39128,REP,HEIDI A. BENSON
65,GE 2016,17TH CONGRESS,22594,CHERI,BUSTOS,173125,DEM,CHERI BUSTOS
66,GE 2016,17TH CONGRESS,22595,PATRICK,HARLAN,113943,REP,PATRICK HARLAN
67,GE 2016,17TH REPRESENTATIVE,22596,LAURA,FINE,42198,DEM,LAURA FINE
68,GE 2016,17TH SENATE,22597,DONNE E.,TROTTER,82868,DEM,DONNE E. TROTTER
69,GE 2016,18TH CIRCUIT- BURKE VACANCY,22598,BRIAN F.,TELANDER,314627,REP,BRIAN F. TELANDER
70,GE 2016,18TH CONGRESS,22599,DARIN,LaHOOD,250506,REP,DARIN LaHOOD
71,GE 2016,18TH REPRESENTATIVE,22600,ROBYN,GABEL,36794,DEM,ROBYN GABEL
72,GE 2016,18TH REPRESENTATIVE,22601,JESSICA,TUCKER,20580,REP,JESSICA TUCKER
73,GE 2016,COOK CIRCUIT- O'BRIEN VACANCY,22602,MAUREEN O'DONOGHUE,HANNON,1437054,DEM,MAUREEN O'DONOGHUE HANNON
74,GE 2016,19TH CIRCUIT- 4TH SUBCIRCUIT - A VACANCY,22603,MITCHELL L.,HOFFMAN,43331,DEM,MITCHELL L. HOFFMAN
75,GE 2016,"COOK - 13TH SUBCIRCUIT - FECAROTTA, JR. VACANCY",22604,"KETKI ""KAY""",STEFFEN,65475,DEM,"KETKI ""KAY"" STEFFEN"
76,GE 2016,"COOK - 13TH SUBCIRCUIT - FECAROTTA, JR. VACANCY",22605,KEVIN MICHAEL,O'DONNELL,67113,REP,KEVIN MICHAEL O'DONNELL
77,GE 2016,4TH CIRCUIT - SPEARS VACANCY,22606,BRAD,PAISLEY,12931,DEM,BRAD PAISLEY
78,GE 2016,19TH REPRESENTATIVE,22607,ROBERT,MARTWICK,30537,DEM,ROBERT MARTWICK
79,GE 2016,19TH SENATE,22608,MICHAEL E.,HASTINGS,83628,DEM,MICHAEL E. HASTINGS
80,GE 2016,1ST APPELLATE - EPSTEIN VACANCY,22609,EILEEN O'NEILL,BURKE,1563233,DEM,EILEEN O'NEILL BURKE
81,GE 2016,1ST APPELLATE - QUINN VACANCY,22610,BERTINA E.,LAMPKIN,1507691,DEM,BERTINA E. LAMPKIN
82,GE 2016,COOK - 1ST SUBCIRCUIT - HOPKINS VACANCY,22611,RHONDA,CRAWFORD,87970,DEM,RHONDA CRAWFORD
83,GE 2016,COOK - 6TH SUBCIRCUIT - A VACANCY,22612,ANNA,LOFTUS,83094,DEM,ANNA LOFTUS
84,GE 2016,21ST CIRCUIT- WENZELMAN VACANCY,22613,MICHAEL D.,KRAMER,37921,REP,MICHAEL D. KRAMER
85,GE 2016,COOK CIRCUIT- JOHNSON VACANCY,22614,CAROLYN J.,GALLAGHER,1447643,DEM,CAROLYN J. GALLAGHER
86,GE 2016,1ST CIRCUIT- SPOMER VACANCY,22615,JEFFERY B.,FARRIS,2213,DEM,JEFFERY B. FARRIS
87,GE 2016,1ST CONGRESS,22616,BOBBY L.,RUSH,234037,DEM,BOBBY L. RUSH
88,GE 2016,1ST CONGRESS,22617,AUGUST (O'NEILL),DEUSER,81817,REP,AUGUST (O'NEILL) DEUSER
89,GE 2016,1ST REPRESENTATIVE,22618,DANIEL J.,BURKE,21609,DEM,DANIEL J. BURKE
90,GE 2016,1ST SENATE,22619,"ANTONIO ""TONY""",MUNOZ,46434,DEM,"ANTONIO ""TONY"" MUNOZ"
91,GE 2016,COOK - 12TH SUBCIRCUIT - MATHEIN VACANCY,22620,JANET CRONIN,MAHONEY,64669,DEM,JANET CRONIN MAHONEY
92,GE 2016,COOK - 12TH SUBCIRCUIT - MATHEIN VACANCY,22621,JAMES LEONARD,ALLEGRETTI,74348,REP,JAMES LEONARD ALLEGRETTI
93,GE 2016,5TH CIRCUIT - EVERHART VACANCY,22622,JOHN L.,BARGER,1790,DEM,JOHN L. BARGER
94,GE 2016,5TH CIRCUIT - EVERHART VACANCY,22623,JONATHAN T.,BRADEN,3702,REP,JONATHAN T. BRADEN
95,GE 2016,20TH CIRCUIT- BARICEVIC VACANCY,22624,ROBERT B.,HAIDA,127091,DEM,ROBERT B. HAIDA
96,GE 2016,20TH CIRCUIT- HAIDA VACANCY,22625,JOHN,BARICEVIC,81286,DEM,JOHN BARICEVIC
97,GE 2016,20TH CIRCUIT- HAIDA VACANCY,22626,RONALD R.,DUEBBERT,82125,REP,RONALD R. DUEBBERT
98,GE 2016,20TH REPRESENTATIVE,22627,MERRY,MARWIG,20142,DEM,MERRY MARWIG
99,GE 2016,20TH REPRESENTATIVE,22628,MICHAEL P.,McAULIFFE,25739,REP,MICHAEL P. McAULIFFE
100,GE 2016,20TH SENATE,22629,IRIS Y.,MARTINEZ,60418,DEM,IRIS Y. MARTINEZ
101,GE 2016,21ST REPRESENTATIVE,22630,SILVANA,TABARES,20370,DEM,SILVANA TABARES
102,GE 2016,22ND REPRESENTATIVE,22631,MICHAEL J.,MADIGAN,27715,DEM,MICHAEL J. MADIGAN
103,GE 2016,22ND SENATE,22632,CRISTINA,CASTRO,39835,DEM,CRISTINA CASTRO
104,GE 2016,23RD CIRCUIT - A VACANCY - DeKALB COUNTY,22633,BRADLEY J.,WALLER,23366,REP,BRADLEY J. WALLER
105,GE 2016,23RD REPRESENTATIVE,22634,MICHAEL J.,ZALEWSKI,25097,DEM,MICHAEL J. ZALEWSKI
106,GE 2016,23RD SENATE,22635,THOMAS E.,CULLERTON,44643,DEM,THOMAS E. CULLERTON
107,GE 2016,23RD SENATE,22636,SETH,LEWIS,43429,REP,SETH LEWIS
108,GE 2016,24TH REPRESENTATIVE,22637,"ELIZABETH ""LISA""",HERNANDEZ,23079,DEM,"ELIZABETH ""LISA"" HERNANDEZ"
109,GE 2016,24TH REPRESENTATIVE,22638,ANDY,KIRCHOFF,5969,REP,ANDY KIRCHOFF
110,GE 2016,25TH REPRESENTATIVE,22639,BARBARA FLYNN,CURRIE,37937,DEM,BARBARA FLYNN CURRIE
111,GE 2016,25TH SENATE,22640,CORINNE M.,PIEROG,45317,DEM,CORINNE M. PIEROG
112,GE 2016,25TH SENATE,22641,JIM,OBERWEIS,54636,REP,JIM OBERWEIS
113,GE 2016,26TH REPRESENTATIVE,22642,CHRISTIAN L.,MITCHELL,40251,DEM,CHRISTIAN L. MITCHELL
114,GE 2016,26TH SENATE,22643,DAN,McCONCHIE,63432,REP,DAN McCONCHIE
115,GE 2016,27TH REPRESENTATIVE,22644,MONIQUE D.,DAVIS,42558,DEM,MONIQUE D. DAVIS
116,GE 2016,COOK CIRCUIT- WALSH VACANCY,22645,PATRICK JOSEPH,POWERS,1420378,DEM,PATRICK JOSEPH POWERS
117,GE 2016,28TH REPRESENTATIVE,22646,"ROBERT ""BOB""",RITA,37190,DEM,"ROBERT ""BOB"" RITA"
118,GE 2016,28TH SENATE,22647,LAURA,MURPHY,47097,DEM,LAURA MURPHY
119,GE 2016,28TH SENATE,22648,MEL,THILLENS,40950,REP,MEL THILLENS
120,GE 2016,29TH REPRESENTATIVE,22649,THADDEUS,JONES,42740,DEM,THADDEUS JONES
121,GE 2016,29TH SENATE,22650,JULIE A.,MORRISON,53744,DEM,JULIE A. MORRISON
122,GE 2016,29TH SENATE,22651,BENJAMIN,SALZBERG,37174,REP,BENJAMIN SALZBERG
123,GE 2016,COOK - 6TH SUBCIRCUIT - PONCE DE LEON VACANCY,22652,"EULALIA ""EVIE""",De La ROSA,85600,DEM,"EULALIA ""EVIE"" De La ROSA"
124,GE 2016,2ND CONGRESS,22653,ROBIN,KELLY,235051,DEM,ROBIN KELLY
125,GE 2016,2ND CONGRESS,22654,JOHN F,MORROW,59471,REP,JOHN F MORROW
126,GE 2016,2ND REPRESENTATIVE,22655,THERESA,MAH,23813,DEM,THERESA MAH
127,GE 2016,2ND SENATE,22656,OMAR,AQUINO,57000,DEM,OMAR AQUINO
128,GE 2016,30TH REPRESENTATIVE,22657,"WILLIAM ""WILL""",DAVIS,34641,DEM,"WILLIAM ""WILL"" DAVIS"
129,GE 2016,31ST REPRESENTATIVE,22658,MARY E.,FLOWERS,36904,DEM,MARY E. FLOWERS
130,GE 2016,31ST SENATE,22659,MELINDA,BUSH,48303,DEM,MELINDA BUSH
131,GE 2016,31ST SENATE,22660,MICHAEL,AMROZOWICZ,41044,REP,MICHAEL AMROZOWICZ
132,GE 2016,32ND REPRESENTATIVE,22661,ANDRƒ,THAPEDI,29118,DEM,ANDRƒ THAPEDI
133,GE 2016,32ND SENATE,22662,PAMELA,ALTHOFF,65150,REP,PAMELA ALTHOFF
134,GE 2016,33RD REPRESENTATIVE,22663,MARCUS C.,"EVANS, JR.",40046,DEM,"MARCUS C. EVANS, JR."
135,GE 2016,34TH REPRESENTATIVE,22664,ELGIE R.,"SIMS, JR.",39961,DEM,"ELGIE R. SIMS, JR."
136,GE 2016,34TH SENATE,22665,STEVE,STADELMAN,66412,DEM,STEVE STADELMAN
137,GE 2016,35TH REPRESENTATIVE,22666,FRANCES ANN,HURLEY,34506,DEM,FRANCES ANN HURLEY
138,GE 2016,35TH REPRESENTATIVE,22667,VICTOR,HORNE,18081,REP,VICTOR HORNE
139,GE 2016,35TH SENATE,22668,DAVE,SYVERSON,78269,REP,DAVE SYVERSON
140,GE 2016,36TH REPRESENTATIVE,22669,KELLY M.,BURKE,38047,DEM,KELLY M. BURKE
141,GE 2016,37TH REPRESENTATIVE,22670,MARGO,McDERMED,45721,REP,MARGO McDERMED
142,GE 2016,37TH SENATE,22671,CHUCK,WEAVER,92654,REP,CHUCK WEAVER
143,GE 2016,38TH REPRESENTATIVE,22672,AL,RILEY,42819,DEM,AL RILEY
144,GE 2016,38TH SENATE,22673,CHRISTINE,BENSON,40586,DEM,CHRISTINE BENSON
145,GE 2016,38TH SENATE,22674,SUE,REZIN,55848,REP,SUE REZIN
146,GE 2016,39TH REPRESENTATIVE,22675,WILL,GUZZARDI,29170,DEM,WILL GUZZARDI
147,GE 2016,3RD CONGRESS,22676,DANIEL WILLIAM,LIPINSKI,225320,DEM,DANIEL WILLIAM LIPINSKI
148,GE 2016,3RD REPRESENTATIVE,22677,LUIS,ARROYO,24178,DEM,LUIS ARROYO
149,GE 2016,40TH REPRESENTATIVE,22678,JAIME M.,"ANDRADE, JR.",29845,DEM,"JAIME M. ANDRADE, JR."
150,GE 2016,40TH SENATE,22679,TOI W.,HUTCHINSON,71014,DEM,TOI W. HUTCHINSON
151,GE 2016,41ST REPRESENTATIVE,22680,GRANT,WEHRLI,42654,REP,GRANT WEHRLI
152,GE 2016,41ST SENATE,22681,CHRISTINE,RADOGNO,87665,REP,CHRISTINE RADOGNO
153,GE 2016,42ND REPRESENTATIVE,22682,KATHLEEN V.,CARRIER,21560,DEM,KATHLEEN V. CARRIER
154,GE 2016,42ND REPRESENTATIVE,22683,JEANNE M.,IVES,33443,REP,JEANNE M. IVES
155,GE 2016,UNITED STATES SENATOR,22684,TAMMY,DUCKWORTH,3012940,DEM,TAMMY DUCKWORTH
156,GE 2016,UNITED STATES SENATOR,22685,MARK STEVEN,KIRK,2184692,REP,MARK STEVEN KIRK
157,GE 2016,43RD REPRESENTATIVE,22686,ANNA,MOELLER,22274,DEM,ANNA MOELLER
158,GE 2016,43RD SENATE,22687,PAT,McGUIRE,67722,DEM,PAT McGUIRE
159,GE 2016,44TH REPRESENTATIVE,22688,FRED,CRESPO,22102,DEM,FRED CRESPO
160,GE 2016,44TH SENATE,22689,BILL,BRADY,87022,REP,BILL BRADY
161,GE 2016,45TH REPRESENTATIVE,22690,CYNTHIA,BORBAS,22618,DEM,CYNTHIA BORBAS
162,GE 2016,45TH REPRESENTATIVE,22691,CHRISTINE JENNIFER,WINGER,25876,REP,CHRISTINE JENNIFER WINGER
163,GE 2016,COMPTROLLER,22692,SUSANA,MENDOZA,2676244,DEM,SUSANA MENDOZA
164,GE 2016,COMPTROLLER,22693,LESLIE GEISSLER,MUNGER,2404723,REP,LESLIE GEISSLER MUNGER
165,GE 2016,46TH REPRESENTATIVE,22694,DEB,CONROY,23369,DEM,DEB CONROY
166,GE 2016,46TH REPRESENTATIVE,22695,HEIDI,HOLAN,16257,REP,HEIDI HOLAN
167,GE 2016,46TH SENATE,22696,DAVE,KOEHLER,70854,DEM,DAVE KOEHLER
168,GE 2016,47TH REPRESENTATIVE,22697,"PATRICIA R. ""PATTI""",BELLOCK,45196,REP,"PATRICIA R. ""PATTI"" BELLOCK"
169,GE 2016,47TH SENATE,22698,JIL,TRACY,79854,REP,JIL TRACY
170,GE 2016,48TH REPRESENTATIVE,22699,PETER,BREEN,30793,REP,PETER BREEN
171,GE 2016,5TH APPELLATE - WEXSTTEN VACANCY,22700,JO BETH,WEBER,264041,DEM,JO BETH WEBER
172,GE 2016,5TH APPELLATE - WEXSTTEN VACANCY,22701,"JAMES R. ""RANDY""",MOORE,307926,REP,"JAMES R. ""RANDY"" MOORE"
173,GE 2016,49TH REPRESENTATIVE,22702,MIKE,FORTNER,35353,REP,MIKE FORTNER
174,GE 2016,49TH SENATE,22703,JENNIFER,BERTINO-TARRANT,51960,DEM,JENNIFER BERTINO-TARRANT
175,GE 2016,49TH SENATE,22704,MICHELLE,SMITH,46581,REP,MICHELLE SMITH
176,GE 2016,20TH CIRCUIT- LeCHIEN VACANCY,22705,ROBERT P.,LeCHIEN,58797,DEM,ROBERT P. LeCHIEN
177,GE 2016,20TH CIRCUIT- LeCHIEN VACANCY,22706,LANINYA A.,CASON,56550,REP,LANINYA A. CASON
178,GE 2016,4TH CIRCUIT - SCHWARM VACANCY,22707,DON,SHEAFOR JR.,8118,REP,DON SHEAFOR JR.
179,GE 2016,4TH CONGRESS,22708,LUIS V.,GUTIERREZ,171297,DEM,LUIS V. GUTIERREZ
180,GE 2016,4TH REPRESENTATIVE,22709,CYNTHIA,SOTO,34077,DEM,CYNTHIA SOTO
181,GE 2016,4TH SENATE,22710,KIMBERLY A.,LIGHTFORD,80583,DEM,KIMBERLY A. LIGHTFORD
182,GE 2016,50TH REPRESENTATIVE,22711,KEITH R.,WHEELER,31659,REP,KEITH R. WHEELER
183,GE 2016,50TH SENATE,22712,"WILLIAM ""SAM""",McCANN,89431,REP,"WILLIAM ""SAM"" McCANN"
184,GE 2016,51ST REPRESENTATIVE,22713,NICK,SAUER,46098,REP,NICK SAUER
185,GE 2016,22ND CIRCUIT- GRAHAM VACANCY,22714,JAMES S.,COWLIN,112889,REP,JAMES S. COWLIN
186,GE 2016,52ND REPRESENTATIVE,22715,DAVID,McSWEENEY,40392,REP,DAVID McSWEENEY
187,GE 2016,52ND SENATE,22716,SCOTT M.,BENNETT,52401,DEM,SCOTT M. BENNETT
188,GE 2016,52ND SENATE,22717,MICHAEL P.,MADIGAN,33562,REP,MICHAEL P. MADIGAN
189,GE 2016,53RD REPRESENTATIVE,22718,DAVID,HARRIS,38809,REP,DAVID HARRIS
190,GE 2016,53RD SENATE,22719,JASON,BARICKMAN,84127,REP,JASON BARICKMAN
191,GE 2016,54TH REPRESENTATIVE,22720,TOM,MORRISON,38846,REP,TOM MORRISON
192,GE 2016,23RD CIRCUIT - A VACANCY - KENDALL COUNTY,22721,STEPHEN L.,KRENTZ,41326,REP,STEPHEN L. KRENTZ
193,GE 2016,55TH REPRESENTATIVE,22722,MARTIN J.,MOYLAN,25717,DEM,MARTIN J. MOYLAN
194,GE 2016,55TH REPRESENTATIVE,22723,DAN,GOTT,17811,REP,DAN GOTT
195,GE 2016,55TH SENATE,22724,DALE A.,RIGHTER,83806,REP,DALE A. RIGHTER
196,GE 2016,56TH REPRESENTATIVE,22725,MICHELLE,MUSSMAN,24890,DEM,MICHELLE MUSSMAN
197,GE 2016,56TH REPRESENTATIVE,22726,JILLIAN ROSE,BERNAS,19693,REP,JILLIAN ROSE BERNAS
198,GE 2016,56TH SENATE,22727,"WILLIAM ""BILL""",HAINE,78460,DEM,"WILLIAM ""BILL"" HAINE"
199,GE 2016,57TH REPRESENTATIVE,22728,ELAINE,NEKRITZ,29297,DEM,ELAINE NEKRITZ
200,GE 2016,58TH REPRESENTATIVE,22729,SCOTT,DRURY,29338,DEM,SCOTT DRURY
201,GE 2016,58TH SENATE,22730,SHEILA,SIMON,38905,DEM,SHEILA SIMON
202,GE 2016,58TH SENATE,22731,PAUL,SCHIMPF,59735,REP,PAUL SCHIMPF
203,GE 2016,59TH REPRESENTATIVE,22732,CAROL,SENTE,25908,DEM,CAROL SENTE
204,GE 2016,59TH REPRESENTATIVE,22733,DAWN,ABERNATHY,16656,REP,DAWN ABERNATHY
205,GE 2016,59TH SENATE,22734,GARY,FORBY,43503,DEM,GARY FORBY
206,GE 2016,59TH SENATE,22735,DALE,FOWLER,53501,REP,DALE FOWLER
207,GE 2016,5TH APPELLATE - STEWART VACANCY,22736,BRAD K.,BLEYER,250544,DEM,BRAD K. BLEYER
208,GE 2016,5TH APPELLATE - STEWART VACANCY,22737,JOHN B.,"BARBERIS, JR.",317117,REP,"JOHN B. BARBERIS, JR."
209,GE 2016,5TH CONGRESS,22738,MIKE,QUIGLEY,212842,DEM,MIKE QUIGLEY
210,GE 2016,5TH CONGRESS,22739,ROB,SHERMAN,14657,GRN,ROB SHERMAN
211,GE 2016,5TH REPRESENTATIVE,22740,JULIANA,STRATTON,40747,DEM,JULIANA STRATTON
212,GE 2016,5TH SENATE,22741,PATRICIA,VAN PELT,75700,DEM,PATRICIA VAN PELT
213,GE 2016,60TH REPRESENTATIVE,22742,RITA,MAYFIELD,22402,DEM,RITA MAYFIELD
214,GE 2016,60TH REPRESENTATIVE,22743,ROBERT L.,OCHSNER,6909,REP,ROBERT L. OCHSNER
215,GE 2016,61ST REPRESENTATIVE,22744,NICK,CIKO,19947,DEM,NICK CIKO
216,GE 2016,61ST REPRESENTATIVE,22745,SHERI,JESIEL,26692,REP,SHERI JESIEL
217,GE 2016,62ND REPRESENTATIVE,22746,SAM,YINGLING,22050,DEM,SAM YINGLING
218,GE 2016,62ND REPRESENTATIVE,22747,ROD,DROBINSKI,19993,REP,ROD DROBINSKI
219,GE 2016,63RD REPRESENTATIVE,22749,STEVEN,REICK,25699,REP,STEVEN REICK
220,GE 2016,64TH REPRESENTATIVE,22750,BARBARA,WHEELER,41873,REP,BARBARA WHEELER
221,GE 2016,65TH REPRESENTATIVE,22751,STEVEN A.,ANDERSSON,42499,REP,STEVEN A. ANDERSSON
222,GE 2016,66TH REPRESENTATIVE,22752,NANCY A.,ZETTLER,20083,DEM,NANCY A. ZETTLER
223,GE 2016,66TH REPRESENTATIVE,22753,ALLEN,SKILLICORN,27295,REP,ALLEN SKILLICORN
224,GE 2016,67TH REPRESENTATIVE,22754,LITESA E.,WALLACE,25420,DEM,LITESA E. WALLACE
225,GE 2016,68TH REPRESENTATIVE,22755,TRICIA,SWEENEY,17655,DEM,TRICIA SWEENEY
226,GE 2016,68TH REPRESENTATIVE,22756,JOHN M.,CABELLO,31139,REP,JOHN M. CABELLO
227,GE 2016,69TH REPRESENTATIVE,22757,ANGELIQUE A.,BODINE,16032,DEM,ANGELIQUE A. BODINE
228,GE 2016,69TH REPRESENTATIVE,22758,JOE,SOSNOWSKI,32961,REP,JOE SOSNOWSKI
229,GE 2016,6TH CIRCUIT - BRYAN VACANCY,22759,KARLE E.,KORITZ,6556,REP,KARLE E. KORITZ
230,GE 2016,6TH CONGRESS,22760,AMANDA,HOWLAND,143591,DEM,AMANDA HOWLAND
231,GE 2016,6TH CONGRESS,22761,PETER J.,ROSKAM,208555,REP,PETER J. ROSKAM
232,GE 2016,6TH REPRESENTATIVE,22762,SONYA MARIE,HARPER,32904,DEM,SONYA MARIE HARPER
233,GE 2016,70TH REPRESENTATIVE,22763,ROBERT W.,PRITCHARD,36601,REP,ROBERT W. PRITCHARD
234,GE 2016,71ST REPRESENTATIVE,22764,MIKE,SMIDDY,18082,DEM,MIKE SMIDDY
235,GE 2016,71ST REPRESENTATIVE,22765,TONY M.,McCOMBIE,30635,REP,TONY M. McCOMBIE
236,GE 2016,72ND REPRESENTATIVE,22766,MICHAEL W.,HALPIN,25014,DEM,MICHAEL W. HALPIN
237,GE 2016,72ND REPRESENTATIVE,22767,BRANDI,McGUIRE,19342,REP,BRANDI McGUIRE
238,GE 2016,73RD REPRESENTATIVE,22768,RYAN,SPAIN,47626,REP,RYAN SPAIN
239,GE 2016,74TH REPRESENTATIVE,22769,BILL,BUTTS,18185,DEM,BILL BUTTS
240,GE 2016,74TH REPRESENTATIVE,22770,DANIEL M.,SWANSON,34567,REP,DANIEL M. SWANSON
241,GE 2016,75TH REPRESENTATIVE,22771,MARTHA J.,SHUGART,20833,DEM,MARTHA J. SHUGART
242,GE 2016,76TH REPRESENTATIVE,22773,ANDY,SKOOG,22759,DEM,ANDY SKOOG
243,GE 2016,76TH REPRESENTATIVE,22774,JERRY LEE,LONG,23557,REP,JERRY LEE LONG
244,GE 2016,77TH REPRESENTATIVE,22775,KATHLEEN,WILLIS,20806,DEM,KATHLEEN WILLIS
245,GE 2016,77TH REPRESENTATIVE,22776,ANTHONY,AIRDO,8762,REP,ANTHONY AIRDO
246,GE 2016,78TH REPRESENTATIVE,22777,CAMILLE,LILLY,41233,DEM,CAMILLE LILLY
247,GE 2016,79TH REPRESENTATIVE,22778,"KATHERINE ""KATE""",CLOONEN,20450,DEM,"KATHERINE ""KATE"" CLOONEN"
248,GE 2016,79TH REPRESENTATIVE,22779,LINDSAY,PARKHURST,23728,REP,LINDSAY PARKHURST
249,GE 2016,7TH CIRCUIT - LONDRIGAN VACANCY,22780,DAVID,REID,60450,DEM,DAVID REID
250,GE 2016,7TH CIRCUIT - LONDRIGAN VACANCY,22781,APRIL,TROEMPER,86851,REP,APRIL TROEMPER
251,GE 2016,7TH CONGRESS,22782,DANNY K.,DAVIS,250584,DEM,DANNY K. DAVIS
252,GE 2016,7TH REPRESENTATIVE,22783,"EMANUEL ""CHRIS""",WELCH,39914,DEM,"EMANUEL ""CHRIS"" WELCH"
253,GE 2016,7TH SENATE,22784,HEATHER A.,STEANS,82014,DEM,HEATHER A. STEANS
254,GE 2016,80TH REPRESENTATIVE,22785,ANTHONY,DeLUCA,38766,DEM,ANTHONY DeLUCA
255,GE 2016,81ST REPRESENTATIVE,22786,GREG,HOSE,25660,DEM,GREG HOSE
256,GE 2016,82ND REPRESENTATIVE,22788,JIM,DURKIN,45529,REP,JIM DURKIN
257,GE 2016,83RD REPRESENTATIVE,22789,LINDA,CHAPA LaVIA,20959,DEM,LINDA CHAPA LaVIA
258,GE 2016,84TH REPRESENTATIVE,22790,STEPHANIE A.,KIFOWIT,24183,DEM,STEPHANIE A. KIFOWIT
259,GE 2016,84TH REPRESENTATIVE,22791,MIKE,STRICK,14242,REP,MIKE STRICK
260,GE 2016,85TH REPRESENTATIVE,22792,EMILY,McASEY,33236,DEM,EMILY McASEY
261,GE 2016,86TH REPRESENTATIVE,22793,"LAWRENCE ""LARRY""","WALSH, JR.",33342,DEM,"LAWRENCE ""LARRY"" WALSH, JR."
262,GE 2016,87TH REPRESENTATIVE,22794,TIM,BUTLER,41483,REP,TIM BUTLER
263,GE 2016,88TH REPRESENTATIVE,22795,KEITH P.,SOMMER,44223,REP,KEITH P. SOMMER
264,GE 2016,89TH REPRESENTATIVE,22796,BRIAN W.,STEWART,42157,REP,BRIAN W. STEWART
265,GE 2016,8TH CIRCUIT - WALDEN VACANCY,22797,SCOTT D.,LARSON,28634,REP,SCOTT D. LARSON
266,GE 2016,8TH CONGRESS,22798,RAJA,KRISHNAMOORTHI,144954,DEM,RAJA KRISHNAMOORTHI
267,GE 2016,8TH CONGRESS,22799,"PETER ""PETE""",DiCIANNI,103617,REP,"PETER ""PETE"" DiCIANNI"
268,GE 2016,8TH REPRESENTATIVE,22800,LA SHAWN K.,FORD,38493,DEM,LA SHAWN K. FORD
269,GE 2016,8TH SENATE,22801,IRA I.,SILVERSTEIN,62149,DEM,IRA I. SILVERSTEIN
270,GE 2016,90TH REPRESENTATIVE,22802,TOM,DEMMER,40456,REP,TOM DEMMER
271,GE 2016,91ST REPRESENTATIVE,22803,MICHAEL D.,UNES,38682,REP,MICHAEL D. UNES
272,GE 2016,92ND REPRESENTATIVE,22804,JEHAN,GORDON-BOOTH,33410,DEM,JEHAN GORDON-BOOTH
273,GE 2016,93RD REPRESENTATIVE,22805,JOHN,CURTIS,19163,DEM,JOHN CURTIS
274,GE 2016,93RD REPRESENTATIVE,22806,NORINE K.,HAMMOND,22985,REP,NORINE K. HAMMOND
275,GE 2016,94TH REPRESENTATIVE,22807,BOBBY,PRITCHETT,12364,DEM,BOBBY PRITCHETT
276,GE 2016,94TH REPRESENTATIVE,22808,RANDY E.,FRESE,37408,REP,RANDY E. FRESE
277,GE 2016,95TH REPRESENTATIVE,22809,MIKE,MATHIS,20898,DEM,MIKE MATHIS
278,GE 2016,95TH REPRESENTATIVE,22810,AVERY,BOURNE,27601,REP,AVERY BOURNE
279,GE 2016,96TH REPRESENTATIVE,22811,SUE,SCHERER,32852,DEM,SUE SCHERER
280,GE 2016,97TH REPRESENTATIVE,22813,MARK,BATINICK,42312,REP,MARK BATINICK
281,GE 2016,98TH REPRESENTATIVE,22814,NATALIE A.,MANLEY,38650,DEM,NATALIE A. MANLEY
282,GE 2016,99TH REPRESENTATIVE,22815,"ANTHONY ""TONY""",DelGIORNO,22188,DEM,"ANTHONY ""TONY"" DelGIORNO"
283,GE 2016,99TH REPRESENTATIVE,22816,SARA WOJCICKI,JIMENEZ,35363,REP,SARA WOJCICKI JIMENEZ
284,GE 2016,9TH CIRCUIT- BORDNER VACANCY,22817,JIM,HARRELL,28284,DEM,JIM HARRELL
285,GE 2016,9TH CIRCUIT- BORDNER VACANCY,22818,RAYMOND A.,CAVANAUGH,40177,REP,RAYMOND A. CAVANAUGH
286,GE 2016,9TH CONGRESS,22819,JANICE D.,SCHAKOWSKY,217306,DEM,JANICE D. SCHAKOWSKY
287,GE 2016,9TH CONGRESS,22820,JOAN McCARTHY,LASONDE,109550,REP,JOAN McCARTHY LASONDE
288,GE 2016,9TH REPRESENTATIVE,22821,ARTHUR,TURNER,36765,DEM,ARTHUR TURNER
289,GE 2016,ADAMS/BROWN/CASS/MORGAN/PIKE/SCOTT SUPERINTENDENT OF SCHOOLS,22822,JILL,REIS,56118,REP,JILL REIS
290,GE 2016,COOK - 10TH SUBCIRCUIT - HOWARD VACANCY,22823,EVE MARIE,REILLY,90974,DEM,EVE MARIE REILLY
291,GE 2016,COOK - 11TH SUBCIRCUIT - KELLY VACANCY,22824,CATHERINE ANN,SCHNEIDER,88509,DEM,CATHERINE ANN SCHNEIDER
292,GE 2016,COOK - 11TH SUBCIRCUIT - ZWICK VACANCY,22825,WILLIAM B.,SULLIVAN,89097,DEM,WILLIAM B. SULLIVAN
293,GE 2016,104TH REPRESENTATIVE,22826,CHAD,HAYS,35556,REP,CHAD HAYS
294,GE 2016,105TH REPRESENTATIVE,22827,DAN,BRADY,43961,REP,DAN BRADY
295,GE 2016,106TH REPRESENTATIVE,22828,THOMAS M.,BENNETT,41047,REP,THOMAS M. BENNETT
296,GE 2016,107TH REPRESENTATIVE,22829,JOHN,CAVALETTO,41739,REP,JOHN CAVALETTO
297,GE 2016,COOK - 12TH SUBCIRCUIT - TRISTANO VACANCY,22830,CARRIE,HAMILTON,71759,DEM,CARRIE HAMILTON
298,GE 2016,COOK - 12TH SUBCIRCUIT - TRISTANO VACANCY,22831,DAVID,STUDENROTH,67050,REP,DAVID STUDENROTH
299,GE 2016,COOK - 12TH SUBCIRCUIT - A VACANCY,22832,JAMES EDWARD,"HANLON, JR.",67626,DEM,"JAMES EDWARD HANLON, JR."
300,GE 2016,COOK - 12TH SUBCIRCUIT - A VACANCY,22833,STEVEN A.,KOZICKI,72487,REP,STEVEN A. KOZICKI
301,GE 2016,6TH CIRCUIT - WHITE VACANCY,22834,THOMAS E.,LITTLE,38988,REP,THOMAS E. LITTLE
302,GE 2016,CALHOUN/GREENE/JERSEY/MACOUPIN SUPERINTENDENT OF SCHOOLS,22835,MICHELLE,MUELLER,31737,DEM,MICHELLE MUELLER
303,GE 2016,COOK - 2ND SUBCIRCUIT - SAVAGE VACANCY,22836,D. RENEE,JACKSON,96089,DEM,D. RENEE JACKSON
304,GE 2016,COOK - 5TH SUBCIRCUIT - STUART VACANCY,22837,FREDDRENNA M.,LYLE,69036,DEM,FREDDRENNA M. LYLE
305,GE 2016,COOK - 5TH SUBCIRCUIT - WILLIAMS VACANCY,22838,DARYL,JONES,69260,DEM,DARYL JONES
306,GE 2016,COOK - 4TH SUBCIRCUIT - KUNKLE VACANCY,22839,EDWARD J.,KING,90463,DEM,EDWARD J. KING
307,GE 2016,2ND CIRCUIT- FRANKLAND VACANCY,22840,MICHAEL J.,VALENTINE,2269,DEM,MICHAEL J. VALENTINE
308,GE 2016,2ND CIRCUIT- FRANKLAND VACANCY,22841,BRIAN T.,SHINKLE,1055,REP,BRIAN T. SHINKLE
309,GE 2016,COOK - 6TH SUBCIRCUIT - SANTIAGO VACANCY,22842,RICHARD C.,COOKE,83409,DEM,RICHARD C. COOKE
310,GE 2016,COOK - 7TH SUBCIRCUIT - BURRELL VACANCY,22843,MARIANNE,JACKSON,84139,DEM,MARIANNE JACKSON
311,GE 2016,COOK - 7TH SUBCIRCUIT - RIVKIN-CAROTHERS VACANCY,22844,"PATRICIA ""PAT"" S.",SPRATT,82015,DEM,"PATRICIA ""PAT"" S. SPRATT"
312,GE 2016,7TH CIRCUIT - KELLEY VACANCY,22845,RICK,VERTICCHIO,55663,DEM,RICK VERTICCHIO
313,GE 2016,7TH CIRCUIT - KELLEY VACANCY,22846,RYAN,CADAGIN,91272,REP,RYAN CADAGIN
314,GE 2016,11TH CIRCUIT- REYNARD VACANCY,22847,MARK A.,FELLHEIMER,109182,REP,MARK A. FELLHEIMER
315,GE 2016,COOK CIRCUIT- PALMER VACANCY,22848,SUSANA L.,ORTIZ,1450201,DEM,SUSANA L. ORTIZ
316,GE 2016,COOK - 5TH SUBCIRCUIT - EADIE-DANIELS VACANCY,22849,LEONARD,MURRAY,68906,DEM,LEONARD MURRAY
317,GE 2016,"COOK - 12TH SUBCIRCUIT - KAZMIERSKI, JR.",22850,MARGUERITE ANNE,QUINN,72078,DEM,MARGUERITE ANNE QUINN
318,GE 2016,"COOK - 12TH SUBCIRCUIT - KAZMIERSKI, JR.",22851,THOMAS WILLIAM,FLANNIGAN,65791,REP,THOMAS WILLIAM FLANNIGAN
319,GE 2016,21ST CIRCUIT- LUSTFELDT VACANCY,22852,JAMES B.,KINZER,11443,REP,JAMES B. KINZER
320,GE 2016,COOK - 9TH SUBCIRCUIT - BERMAN VACANCY,22853,JERRY,ESRIG,101325,DEM,JERRY ESRIG
321,GE 2016,"COOK CIRCUIT- BIEBEL, JR. VACANCY",22854,JOHN FITZGERALD,"LYKE, JR.",1502047,DEM,"JOHN FITZGERALD LYKE, JR."
322,GE 2016,COOK CIRCUIT- HOGAN VACANCY,22855,ALISON C.,CONLON,1462535,DEM,ALISON C. CONLON
323,GE 2016,"COOK CIRCUIT- HOWLETT, JR. VACANCY",22856,"ALEKSANDRA ""ALEX""",GILLESPIE,1450784,DEM,"ALEKSANDRA ""ALEX"" GILLESPIE"
324,GE 2016,COOK CIRCUIT- RUSCITTI GRUSSEL VACANCY,22857,DANIEL PATRICK,DUFFY,1428381,DEM,DANIEL PATRICK DUFFY
325,GE 2016,COOK - 1ST SUBCIRCUIT - BRIM VACANCY,22858,JESSE,OUTLAW,88778,DEM,JESSE OUTLAW
326,GE 2016,PRAIRIE DUPONT LEVEE AND SANITARY DISTRICT,22859,MICHAEL,SULLIVAN,1225,DEM,MICHAEL SULLIVAN
327,GE 2016,PRAIRIE DUPONT LEVEE AND SANITARY DISTRICT,22860,JULE,LEVIN,937,DEM,JULE LEVIN
328,GE 2016,PRAIRIE DUPONT LEVEE AND SANITARY DISTRICT,22861,RANDY C.,BOLLE,799,DEM,RANDY C. BOLLE
329,GE 2016,PRAIRIE DUPONT LEVEE AND SANITARY DISTRICT,22862,MICHAEL H.,LINDHORST,847,DEM,MICHAEL H. LINDHORST
330,GE 2016,PRAIRIE DUPONT LEVEE AND SANITARY DISTRICT,22863,DAVID,WALSTER,795,DEM,DAVID WALSTER
331,GE 2016,10TH SENATE,22864,JOHN G.,MULROE,63145,DEM,JOHN G. MULROE
332,GE 2016,14TH CIRCUIT- MEERSMAN VACANCY,22865,KATHLEEN,MESICH,48240,DEM,KATHLEEN MESICH
333,GE 2016,COOK - 14TH SUBCIRCUIT- MURPHY VACANCY,22866,MATTHEW,LINK,54484,DEM,MATTHEW LINK
334,GE 2016,44TH REPRESENTATIVE,22867,KATY DOLAN,BAUMER,13098,REP,KATY DOLAN BAUMER
335,GE 2016,58TH REPRESENTATIVE,22868,MARTIN (Marty),BLUMENTHAL,21756,REP,MARTIN (Marty) BLUMENTHAL
336,GE 2016,1ST APPELLATE - RETAIN CUNNINGHAM,22869,JOY VIRGINIA,CUNNINGHAM - YES,1161051,,JOY VIRGINIA CUNNINGHAM - YES
337,GE 2016,1ST APPELLATE - RETAIN CUNNINGHAM,22870,JOY VIRGINIA,CUNNINGHAM - NO,311541,,JOY VIRGINIA CUNNINGHAM - NO
338,GE 2016,3RD APPELLATE - RETAIN WRIGHT,22871,VICKI R.,WRIGHT - YES,558811,,VICKI R. WRIGHT - YES
339,GE 2016,3RD APPELLATE - RETAIN WRIGHT,22872,VICKI R.,WRIGHT - NO,140347,,VICKI R. WRIGHT - NO
340,GE 2016,4TH APPELLATE - RETAIN KNECHT,22873,JAMES A.,KNECHT - YES,403223,,JAMES A. KNECHT - YES
341,GE 2016,4TH APPELLATE - RETAIN KNECHT,22874,JAMES A.,KNECHT - NO,91322,,JAMES A. KNECHT - NO
342,GE 2016,1ST CIRCUIT - RETAIN SCHWARTZ,22875,WILLIAM G.,SCHWARTZ - YES,61711,,WILLIAM G. SCHWARTZ - YES
343,GE 2016,1ST CIRCUIT - RETAIN SCHWARTZ,22876,WILLIAM G.,SCHWARTZ - NO,20880,,WILLIAM G. SCHWARTZ - NO
344,GE 2016,1ST CIRCUIT - RETAIN GRACE,22877,W. CHARLES,GRACE - YES,61638,,W. CHARLES GRACE - YES
345,GE 2016,1ST CIRCUIT - RETAIN GRACE,22878,W. CHARLES,GRACE - NO,20753,,W. CHARLES GRACE - NO
346,GE 2016,2ND CIRCUIT - RETAIN HOPKINS,22879,ROBERT M.,HOPKINS - YES,58353,,ROBERT M. HOPKINS - YES
347,GE 2016,2ND CIRCUIT - RETAIN HOPKINS,22880,ROBERT M.,HOPKINS - NO,19656,,ROBERT M. HOPKINS - NO
348,GE 2016,2ND CIRCUIT - RETAIN DUNN,22881,LARRY D.,DUNN - YES,57072,,LARRY D. DUNN - YES
349,GE 2016,2ND CIRCUIT - RETAIN DUNN,22882,LARRY D.,DUNN - NO,20247,,LARRY D. DUNN - NO
350,GE 2016,2ND CIRCUIT - RETAIN LAMAR,22883,PAUL W.,LAMAR - YES,56001,,PAUL W. LAMAR - YES
351,GE 2016,2ND CIRCUIT - RETAIN LAMAR,22884,PAUL W.,LAMAR - NO,20935,,PAUL W. LAMAR - NO
352,GE 2016,3RD CIRCUIT - RETAIN MATOESIAN,22885,"A. ANDREAS ""ANDY""",MATOESIAN - YES,82467,,"A. ANDREAS ""ANDY"" MATOESIAN - YES"
353,GE 2016,3RD CIRCUIT - RETAIN MATOESIAN,22886,"A. ANDREAS ""ANDY""",MATOESIAN - NO,36967,,"A. ANDREAS ""ANDY"" MATOESIAN - NO"
354,GE 2016,3RD CIRCUIT - RETAIN MUDGE,22887,WILLIAM A.,MUDGE - YES,86592,,WILLIAM A. MUDGE - YES
355,GE 2016,3RD CIRCUIT - RETAIN MUDGE,22888,WILLIAM A.,MUDGE - NO,34960,,WILLIAM A. MUDGE - NO
356,GE 2016,4TH CIRCUIT - RETAIN TODD,22889,WM. ROBIN,TODD - YES,71804,,WM. ROBIN TODD - YES
357,GE 2016,4TH CIRCUIT - RETAIN TODD,22890,WM. ROBIN,TODD - NO,24352,,WM. ROBIN TODD - NO
358,GE 2016,4TH CIRCUIT - RETAIN JARMAN,22891,DOUGLAS L.,JARMAN - YES,70039,,DOUGLAS L. JARMAN - YES
359,GE 2016,4TH CIRCUIT - RETAIN JARMAN,22892,DOUGLAS L.,JARMAN - NO,24674,,DOUGLAS L. JARMAN - NO
360,GE 2016,4TH CIRCUIT - RETAIN MCHANEY,22893,MIKE,McHANEY - YES,69897,,MIKE McHANEY - YES
361,GE 2016,4TH CIRCUIT - RETAIN MCHANEY,22894,MIKE,McHANEY - NO,24202,,MIKE McHANEY - NO
362,GE 2016,4TH CIRCUIT - RETAIN STEDELIN,22895,MARK W.,STEDELIN - YES,71423,,MARK W. STEDELIN - YES
363,GE 2016,5TH CIRCUIT - RETAIN GLENN,22896,JAMES R.,GLENN - YES,53130,,JAMES R. GLENN - YES
364,GE 2016,5TH CIRCUIT - RETAIN GLENN,22897,JAMES R.,GLENN - NO,12271,,JAMES R. GLENN - NO
365,GE 2016,5TH CIRCUIT - RETAIN RIGHTER,22898,TERESA K.,RIGHTER - YES,53256,,TERESA K. RIGHTER - YES
366,GE 2016,5TH CIRCUIT - RETAIN RIGHTER,22899,TERESA K.,RIGHTER - NO,12373,,TERESA K. RIGHTER - NO
367,GE 2016,5TH CIRCUIT - RETAIN SULLIVAN,22900,MATT,SULLIVAN - YES,52698,,MATT SULLIVAN - YES
368,GE 2016,5TH CIRCUIT - RETAIN SULLIVAN,22901,MATT,SULLIVAN - NO,12617,,MATT SULLIVAN - NO
369,GE 2016,6TH CIRCUIT - RETAIN LADD,22903,HEIDI,LADD - YES,119971,,HEIDI LADD - YES
370,GE 2016,6TH CIRCUIT - RETAIN LADD,22904,HEIDI,LADD - NO,24523,,HEIDI LADD - NO
371,GE 2016,7TH CIRCUIT - RETAIN CAVANAGH,22905,PETER C.,CAVANAGH - YES,108811,,PETER C. CAVANAGH - YES
372,GE 2016,7TH CIRCUIT - RETAIN CAVANAGH,22906,PETER C.,CAVANAGH - NO,24762,,PETER C. CAVANAGH - NO
373,GE 2016,8TH CIRCUIT - RETAIN DRUMMOND,22907,MARK A.,DRUMMOND - YES,49110,,MARK A. DRUMMOND - YES
374,GE 2016,8TH CIRCUIT - RETAIN DRUMMOND,22908,MARK A.,DRUMMOND - NO,9420,,MARK A. DRUMMOND - NO
375,GE 2016,8TH CIRCUIT - RETAIN TUCKER,22909,ALAN D.,TUCKER - YES,47525,,ALAN D. TUCKER - YES
376,GE 2016,8TH CIRCUIT - RETAIN TUCKER,22910,ALAN D.,TUCKER - NO,10055,,ALAN D. TUCKER - NO
377,GE 2016,8TH CIRCUIT - RETAIN ADRIAN,22911,ROBERT,ADRIAN - YES,47974,,ROBERT ADRIAN - YES
378,GE 2016,8TH CIRCUIT - RETAIN ADRIAN,22912,ROBERT,ADRIAN - NO,9807,,ROBERT ADRIAN - NO
379,GE 2016,9TH CIRCUIT - RETAIN PONCIN,22913,WILLIAM E.,PONCIN - YES,51552,,WILLIAM E. PONCIN - YES
380,GE 2016,9TH CIRCUIT - RETAIN PONCIN,22914,WILLIAM E.,PONCIN - NO,11618,,WILLIAM E. PONCIN - NO
381,GE 2016,10TH CIRCUIT - RETAIN RISINGER,22915,MICHAEL D.,RISINGER - YES,112802,,MICHAEL D. RISINGER - YES
382,GE 2016,10TH CIRCUIT - RETAIN RISINGER,22916,MICHAEL D.,RISINGER - NO,27490,,MICHAEL D. RISINGER - NO
383,GE 2016,10TH CIRCUIT - RETAIN VESPA,22917,JOHN P.,VESPA - YES,113151,,JOHN P. VESPA - YES
384,GE 2016,10TH CIRCUIT - RETAIN VESPA,22918,JOHN P.,VESPA - NO,27808,,JOHN P. VESPA - NO
385,GE 2016,11TH CIRCUIT - RETAIN DRAZEWSKI,22919,SCOTT,DRAZEWSKI - YES,91976,,SCOTT DRAZEWSKI - YES
386,GE 2016,11TH CIRCUIT - RETAIN DRAZEWSKI,22920,SCOTT,DRAZEWSKI - NO,26728,,SCOTT DRAZEWSKI - NO
387,GE 2016,12TH CIRCUIT - RETAIN GOODMAN,22921,CARMEN,GOODMAN - YES,192294,,CARMEN GOODMAN - YES
388,GE 2016,12TH CIRCUIT - RETAIN GOODMAN,22922,CARMEN,GOODMAN - NO,63421,,CARMEN GOODMAN - NO
389,GE 2016,12TH CIRCUIT - RETAIN ANDERSON,22923,JOHN C.,ANDERSON - YES,193068,,JOHN C. ANDERSON - YES
390,GE 2016,12TH CIRCUIT - RETAIN ANDERSON,22924,JOHN C.,ANDERSON - NO,61510,,JOHN C. ANDERSON - NO
391,GE 2016,12TH CIRCUIT - RETAIN PETRUNGARO,22925,"BARBARA ""BOBBI"" N.",PETRUNGARO - YES,194569,,"BARBARA ""BOBBI"" N. PETRUNGARO - YES"
392,GE 2016,12TH CIRCUIT - RETAIN PETRUNGARO,22926,"BARBARA ""BOBBI"" N.",PETRUNGARO - NO,61207,,"BARBARA ""BOBBI"" N. PETRUNGARO - NO"
393,GE 2016,12TH CIRCUIT - RETAIN POWERS,22927,MICHAEL J.,POWERS - YES,196248,,MICHAEL J. POWERS - YES
394,GE 2016,12TH CIRCUIT - RETAIN POWERS,22928,MICHAEL J.,POWERS - NO,59022,,MICHAEL J. POWERS - NO
395,GE 2016,12TH CIRCUIT - RETAIN ROSSI,22929,RAYMOND (RAY) E.,ROSSI - YES,197583,,RAYMOND (RAY) E. ROSSI - YES
396,GE 2016,12TH CIRCUIT - RETAIN ROSSI,22930,RAYMOND (RAY) E.,ROSSI - NO,58779,,RAYMOND (RAY) E. ROSSI - NO
397,GE 2016,"13TH CIRCUIT - RETAIN RYAN, JR.",22931,HOWARD CHRIS,"RYAN, JR. - YES",65122,,"HOWARD CHRIS RYAN, JR. - YES"
398,GE 2016,"13TH CIRCUIT - RETAIN RYAN, JR.",22932,HOWARD CHRIS,"RYAN, JR. - NO",14527,,"HOWARD CHRIS RYAN, JR. - NO"
399,GE 2016,13TH CIRCUIT - RETAIN BERNABEI,22933,MARC P.,BERNABEI - YES,64730,,MARC P. BERNABEI - YES
400,GE 2016,13TH CIRCUIT - RETAIN BERNABEI,22934,MARC P.,BERNABEI - NO,14710,,MARC P. BERNABEI - NO
401,GE 2016,13TH CIRCUIT - RETAIN PETERSON,22935,LANCE R.,PETERSON - YES,65089,,LANCE R. PETERSON - YES
402,GE 2016,13TH CIRCUIT - RETAIN PETERSON,22936,LANCE R.,PETERSON - NO,14151,,LANCE R. PETERSON - NO
403,GE 2016,14TH CIRCUIT - RETAIN LEFSTEIN,22937,LORI R.,LEFSTEIN - YES,86370,,LORI R. LEFSTEIN - YES
404,GE 2016,14TH CIRCUIT - RETAIN LEFSTEIN,22938,LORI R.,LEFSTEIN - NO,21803,,LORI R. LEFSTEIN - NO
405,GE 2016,"14TH CIRCUIT - RETAIN CONWAY, JR.",22939,JAMES G.,"CONWAY, JR. - YES",83912,,"JAMES G. CONWAY, JR. - YES"
406,GE 2016,"14TH CIRCUIT - RETAIN CONWAY, JR.",22940,JAMES G.,"CONWAY, JR. - NO",23379,,"JAMES G. CONWAY, JR. - NO"
407,GE 2016,14TH CIRCUIT - RETAIN DARROW,22941,"CLARENCE ""MIKE""",DARROW - YES,86039,,"CLARENCE ""MIKE"" DARROW - YES"
408,GE 2016,14TH CIRCUIT - RETAIN DARROW,22942,"CLARENCE ""MIKE""",DARROW - NO,22501,,"CLARENCE ""MIKE"" DARROW - NO"
409,GE 2016,14TH CIRCUIT - RETAIN FUHR,22943,FRANK,FUHR - YES,83852,,FRANK FUHR - YES
410,GE 2016,14TH CIRCUIT - RETAIN FUHR,22944,FRANK,FUHR - NO,23062,,FRANK FUHR - NO
411,GE 2016,16TH CIRCUIT - RETAIN SPENCE,22945,ROBERT B.,SPENCE - YES,129869,,ROBERT B. SPENCE - YES
412,GE 2016,16TH CIRCUIT - RETAIN SPENCE,22946,ROBERT B.,SPENCE - NO,35600,,ROBERT B. SPENCE - NO
413,GE 2016,16TH CIRCUIT - RETAIN BOLES,22947,SUSAN CLANCY,BOLES - YES,130634,,SUSAN CLANCY BOLES - YES
414,GE 2016,16TH CIRCUIT - RETAIN BOLES,22948,SUSAN CLANCY,BOLES - NO,34389,,SUSAN CLANCY BOLES - NO
415,GE 2016,16TH CIRCUIT - RETAIN AKEMANN,22949,DAVID R.,AKEMANN - YES,130063,,DAVID R. AKEMANN - YES
416,GE 2016,16TH CIRCUIT - RETAIN AKEMANN,22950,DAVID R.,AKEMANN - NO,35320,,DAVID R. AKEMANN - NO
417,GE 2016,16TH CIRCUIT - RETAIN BUSCH,22951,KEVIN T.,BUSCH - YES,128211,,KEVIN T. BUSCH - YES
418,GE 2016,16TH CIRCUIT - RETAIN BUSCH,22952,KEVIN T.,BUSCH - NO,36430,,KEVIN T. BUSCH - NO
419,GE 2016,17TH CIRCUIT - RETAIN ZENOFF,22953,KATHRYN E.,ZENOFF - YES,104013,,KATHRYN E. ZENOFF - YES
420,GE 2016,17TH CIRCUIT - RETAIN ZENOFF,22954,KATHRYN E.,ZENOFF - NO,20050,,KATHRYN E. ZENOFF - NO
421,GE 2016,17TH CIRCUIT - RETAIN HOLMGREN,22955,JANET R.,HOLMGREN - YES,105449,,JANET R. HOLMGREN - YES
422,GE 2016,17TH CIRCUIT - RETAIN HOLMGREN,22956,JANET R.,HOLMGREN - NO,19552,,JANET R. HOLMGREN - NO
423,GE 2016,17TH CIRCUIT - RETAIN TOBIN,22957,ROB,TOBIN - YES,101760,,ROB TOBIN - YES
424,GE 2016,17TH CIRCUIT - RETAIN TOBIN,22958,ROB,TOBIN - NO,21107,,ROB TOBIN - NO
425,GE 2016,18TH CIRCUIT - RETAIN WHEATON,22959,BONNIE M.,WHEATON - YES,279765,,BONNIE M. WHEATON - YES
426,GE 2016,18TH CIRCUIT - RETAIN WHEATON,22960,BONNIE M.,WHEATON - NO,62073,,BONNIE M. WHEATON - NO
427,GE 2016,18TH CIRCUIT - RETAIN POPEJOY,22961,KENNETH L.,POPEJOY - YES,259089,,KENNETH L. POPEJOY - YES
428,GE 2016,18TH CIRCUIT - RETAIN POPEJOY,22962,KENNETH L.,POPEJOY - NO,71011,,KENNETH L. POPEJOY - NO
429,GE 2016,18TH CIRCUIT - RETAIN GUERIN,22963,DANIEL P.,GUERIN - YES,261309,,DANIEL P. GUERIN - YES
430,GE 2016,18TH CIRCUIT - RETAIN GUERIN,22964,DANIEL P.,GUERIN - NO,65527,,DANIEL P. GUERIN - NO
431,GE 2016,18TH CIRCUIT - RETAIN MALLEN,22965,DOROTHY FRENCH,MALLEN - YES,264887,,DOROTHY FRENCH MALLEN - YES
432,GE 2016,18TH CIRCUIT - RETAIN MALLEN,22966,DOROTHY FRENCH,MALLEN - NO,62515,,DOROTHY FRENCH MALLEN - NO
433,GE 2016,18TH CIRCUIT - RETAIN SUTTER,22967,RONALD D.,SUTTER - YES,260656,,RONALD D. SUTTER - YES
434,GE 2016,18TH CIRCUIT - RETAIN SUTTER,22968,RONALD D.,SUTTER - NO,65473,,RONALD D. SUTTER - NO
435,GE 2016,19TH CIRCUIT - RETAIN MULLEN,22969,MARGARET J.,MULLEN - YES,200404,,MARGARET J. MULLEN - YES
436,GE 2016,19TH CIRCUIT - RETAIN MULLEN,22970,MARGARET J.,MULLEN - NO,39346,,MARGARET J. MULLEN - NO
437,GE 2016,19TH CIRCUIT - RETAIN ROSSETTI,22971,VICTORIA A.,ROSSETTI - YES,197531,,VICTORIA A. ROSSETTI - YES
438,GE 2016,19TH CIRCUIT - RETAIN ROSSETTI,22972,VICTORIA A.,ROSSETTI - NO,40554,,VICTORIA A. ROSSETTI - NO
439,GE 2016,19TH CIRCUIT - RETAIN ORTIZ,22973,JORGE L.,ORTIZ - YES,194125,,JORGE L. ORTIZ - YES
440,GE 2016,19TH CIRCUIT - RETAIN ORTIZ,22974,JORGE L.,ORTIZ - NO,44399,,JORGE L. ORTIZ - NO
441,GE 2016,19TH CIRCUIT - RETAIN WINTER,22975,DIANE E.,WINTER - YES,195933,,DIANE E. WINTER - YES
442,GE 2016,19TH CIRCUIT - RETAIN WINTER,22976,DIANE E.,WINTER - NO,40652,,DIANE E. WINTER - NO
443,GE 2016,19TH CIRCUIT - RETAIN LEVITT,22977,MARK L.,LEVITT - YES,194987,,MARK L. LEVITT - YES
444,GE 2016,20TH CIRCUIT - RETAIN BROWN,22978,RICHARD A.,BROWN - YES,110910,,RICHARD A. BROWN - YES
445,GE 2016,20TH CIRCUIT - RETAIN BROWN,22979,RICHARD A.,BROWN - NO,43196,,RICHARD A. BROWN - NO
446,GE 2016,21ST CIRCUIT - RETAIN ELLIOTT,22980,KATHY BRADSHAW,ELLIOTT - YES,45436,,KATHY BRADSHAW ELLIOTT - YES
447,GE 2016,21ST CIRCUIT - RETAIN ELLIOTT,22981,KATHY BRADSHAW,ELLIOTT - NO,8695,,KATHY BRADSHAW ELLIOTT - NO
448,GE 2016,23RD CIRCUIT - RETAIN STUCKERT,22982,ROBBIN J.,STUCKERT - YES,65174,,ROBBIN J. STUCKERT - YES
449,GE 2016,23RD CIRCUIT - RETAIN STUCKERT,22983,ROBBIN J.,STUCKERT - NO,15940,,ROBBIN J. STUCKERT - NO
450,GE 2016,23RD CIRCUIT - RETAIN MCCANN,22984,TIMOTHY J.,McCANN - YES,64988,,TIMOTHY J. McCANN - YES
451,GE 2016,23RD CIRCUIT - RETAIN MCCANN,22985,TIMOTHY J.,McCANN - NO,15645,,TIMOTHY J. McCANN - NO
452,GE 2016,23RD CIRCUIT - RETAIN DOHERTY,22986,THOMAS L.,DOHERTY - YES,64836,,THOMAS L. DOHERTY - YES
453,GE 2016,23RD CIRCUIT - RETAIN DOHERTY,22987,THOMAS L.,DOHERTY - NO,15452,,THOMAS L. DOHERTY - NO
454,GE 2016,23RD CIRCUIT - RETAIN PILMER,22988,ROBERT P. (BOB),PILMER - YES,63705,,ROBERT P. (BOB) PILMER - YES
455,GE 2016,23RD CIRCUIT - RETAIN PILMER,22989,ROBERT P. (BOB),PILMER - NO,15884,,ROBERT P. (BOB) PILMER - NO
456,GE 2016,COOK CIRCUIT - RETAIN HALL,22990,SOPHIA H.,HALL - YES,1155566,,SOPHIA H. HALL - YES
457,GE 2016,COOK CIRCUIT - RETAIN HALL,22991,SOPHIA H.,HALL - NO,308064,,SOPHIA H. HALL - NO
458,GE 2016,COOK CIRCUIT - RETAIN SOLGANICK,22992,IRWIN J.,SOLGANICK - YES,989332,,IRWIN J. SOLGANICK - YES
459,GE 2016,COOK CIRCUIT - RETAIN SOLGANICK,22993,IRWIN J.,SOLGANICK - NO,435217,,IRWIN J. SOLGANICK - NO
460,GE 2016,COOK CIRCUIT - RETAIN WHITE,22994,ALEXANDER PATRICK,WHITE - YES,1070386,,ALEXANDER PATRICK WHITE - YES
461,GE 2016,COOK CIRCUIT - RETAIN WHITE,22995,ALEXANDER PATRICK,WHITE - NO,363280,,ALEXANDER PATRICK WHITE - NO
462,GE 2016,COOK CIRCUIT - RETAIN GAUGHAN,22996,VINCENT MICHAEL,GAUGHAN - YES,1053415,,VINCENT MICHAEL GAUGHAN - YES
463,GE 2016,COOK CIRCUIT - RETAIN GAUGHAN,22997,VINCENT MICHAEL,GAUGHAN - NO,379065,,VINCENT MICHAEL GAUGHAN - NO
464,GE 2016,COOK CIRCUIT - RETAIN BERTUCCI,22998,ROBERT W.,BERTUCCI - YES,1064860,,ROBERT W. BERTUCCI - YES
465,GE 2016,COOK CIRCUIT - RETAIN BERTUCCI,22999,ROBERT W.,BERTUCCI - NO,378154,,ROBERT W. BERTUCCI - NO
466,GE 2016,COOK CIRCUIT - RETAIN DOOLING,23000,DEBORAH MARY,DOOLING - YES,1089977,,DEBORAH MARY DOOLING - YES
467,GE 2016,COOK CIRCUIT - RETAIN DOOLING,23001,DEBORAH MARY,DOOLING - NO,331607,,DEBORAH MARY DOOLING - NO
468,GE 2016,COOK CIRCUIT - RETAIN EVANS,23002,TIMOTHY C.,EVANS - YES,1124768,,TIMOTHY C. EVANS - YES
469,GE 2016,COOK CIRCUIT - RETAIN EVANS,23003,TIMOTHY C.,EVANS - NO,338465,,TIMOTHY C. EVANS - NO
470,GE 2016,23RD CIRCUIT - A VACANCY - DeKALB COUNTY,23004,SHANNON,STOKER,17678,DEM,SHANNON STOKER
471,GE 2016,COOK CIRCUIT - RETAIN INGRAM,23005,CHEYRL D.,INGRAM - YES,1086227,,CHEYRL D. INGRAM - YES
472,GE 2016,COOK CIRCUIT - RETAIN INGRAM,23006,CHEYRL D.,INGRAM - NO,317792,,CHEYRL D. INGRAM - NO
473,GE 2016,COOK CIRCUIT - RETAIN JAGIELSKI,23007,RAYMOND L.,JAGIELSKI - YES,1002496,,RAYMOND L. JAGIELSKI - YES
474,GE 2016,COOK CIRCUIT - RETAIN JAGIELSKI,23008,RAYMOND L.,JAGIELSKI - NO,393978,,RAYMOND L. JAGIELSKI - NO
475,GE 2016,COOK CIRCUIT - RETAIN LAMPKIN,23009,BERTINA E.,LAMPKIN - YES,1063326,,BERTINA E. LAMPKIN - YES
476,GE 2016,COOK CIRCUIT - RETAIN LAMPKIN,23010,BERTINA E.,LAMPKIN - NO,348035,,BERTINA E. LAMPKIN - NO
477,GE 2016,COOK CIRCUIT - RETAIN MAKI,23011,WILLIAM,MAKI - YES,1002939,,WILLIAM MAKI - YES
478,GE 2016,COOK CIRCUIT - RETAIN MAKI,23012,WILLIAM,MAKI - NO,385284,,WILLIAM MAKI - NO
479,GE 2016,COOK CIRCUIT - RETAIN SULLIVAN,23013,SHARON MARIE,SULLIVAN - YES,1096676,,SHARON MARIE SULLIVAN - YES
480,GE 2016,COOK CIRCUIT - RETAIN SULLIVAN,23014,SHARON MARIE,SULLIVAN - NO,307729,,SHARON MARIE SULLIVAN - NO
481,GE 2016,COOK CIRCUIT - RETAIN MCCARTHY,23015,JAMES PATRICK,McCARTHY - YES,1059218,,JAMES PATRICK McCARTHY - YES
482,GE 2016,COOK CIRCUIT - RETAIN MCCARTHY,23016,JAMES PATRICK,McCARTHY - NO,343040,,JAMES PATRICK McCARTHY - NO
483,GE 2016,COOK CIRCUIT - RETAIN HUBBARD,23017,ARNETTE R.,HUBBARD - YES,1063105,,ARNETTE R. HUBBARD - YES
484,GE 2016,COOK CIRCUIT - RETAIN HUBBARD,23018,ARNETTE R.,HUBBARD - NO,334800,,ARNETTE R. HUBBARD - NO
485,GE 2016,COOK CIRCUIT - RETAIN FORD,23019,NICHOLAS R.,FORD - YES,1005412,,NICHOLAS R. FORD - YES
486,GE 2016,COOK CIRCUIT - RETAIN FORD,23020,NICHOLAS R.,FORD - NO,393358,,NICHOLAS R. FORD - NO
487,GE 2016,COOK CIRCUIT - RETAIN BURNS,23021,CHARLES PATRICK,BURNS - YES,1032003,,CHARLES PATRICK BURNS - YES
488,GE 2016,COOK CIRCUIT - RETAIN BURNS,23022,CHARLES PATRICK,BURNS - NO,354930,,CHARLES PATRICK BURNS - NO
489,GE 2016,COOK CIRCUIT - RETAIN FILAN,23023,DENISE KATHLEEN,FILAN - YES,1047882,,DENISE KATHLEEN FILAN - YES
490,GE 2016,COOK CIRCUIT - RETAIN FILAN,23024,DENISE KATHLEEN,FILAN - NO,334381,,DENISE KATHLEEN FILAN - NO
491,GE 2016,COOK CIRCUIT - RETAIN KIRBY,23025,JOHN PATRICK,KIRBY - YES,1036053,,JOHN PATRICK KIRBY - YES
492,GE 2016,COOK CIRCUIT - RETAIN KIRBY,23026,JOHN PATRICK,KIRBY - NO,348142,,JOHN PATRICK KIRBY - NO
493,GE 2016,COOK CIRCUIT - RETAIN LARSEN,23027,DIANE JOAN,LARSEN - YES,1053923,,DIANE JOAN LARSEN - YES
494,GE 2016,COOK CIRCUIT - RETAIN LARSEN,23028,DIANE JOAN,LARSEN - NO,331678,,DIANE JOAN LARSEN - NO
495,GE 2016,COOK CIRCUIT - RETAIN LYNCH,23029,DANIEL JOSEPH,LYNCH - YES,962593,,DANIEL JOSEPH LYNCH - YES
496,GE 2016,COOK CIRCUIT - RETAIN LYNCH,23030,DANIEL JOSEPH,LYNCH - NO,426903,,DANIEL JOSEPH LYNCH - NO
497,GE 2016,COOK CIRCUIT - RETAIN PANTLE,23032,KATHLEEN MARY,PANTLE - YES,1049262,,KATHLEEN MARY PANTLE - YES
498,GE 2016,COOK CIRCUIT - RETAIN PANTLE,23033,KATHLEEN MARY,PANTLE - NO,332109,,KATHLEEN MARY PANTLE - NO
499,GE 2016,COOK CIRCUIT - RETAIN SHEEHAN,23034,KEVIN MICHAEL,SHEEHAN - YES,1037442,,KEVIN MICHAEL SHEEHAN - YES
500,GE 2016,COOK CIRCUIT - RETAIN SHEEHAN,23035,KEVIN MICHAEL,SHEEHAN - NO,351545,,KEVIN MICHAEL SHEEHAN - NO
501,GE 2016,"COOK CIRCUIT - RETAIN TURNER, JR.",23036,JOHN D.,"TURNER, JR. - YES",1033297,,"JOHN D. TURNER, JR. - YES"
502,GE 2016,"COOK CIRCUIT - RETAIN TURNER, JR.",23037,JOHN D.,"TURNER, JR. - NO",345725,,"JOHN D. TURNER, JR. - NO"
503,GE 2016,"COOK CIRCUIT - RETAIN MARTIN, JR.",23038,LeROY K.,"MARTIN, JR. - YES",1055335,,"LeROY K. MARTIN, JR. - YES"
504,GE 2016,"COOK CIRCUIT - RETAIN MARTIN, JR.",23039,LeROY K.,"MARTIN, JR. - NO",334976,,"LeROY K. MARTIN, JR. - NO"
505,GE 2016,COOK CIRCUIT - RETAIN DALEO,23040,PAULA MARIE,DALEO - YES,1047546,,PAULA MARIE DALEO - YES
506,GE 2016,COOK CIRCUIT - RETAIN DALEO,23041,PAULA MARIE,DALEO - NO,339378,,PAULA MARIE DALEO - NO
507,GE 2016,COOK CIRCUIT - RETAIN DUNFORD,23042,LAURENCE J.,DUNFORD - YES,989377,,LAURENCE J. DUNFORD - YES
508,GE 2016,COOK CIRCUIT - RETAIN DUNFORD,23043,LAURENCE J.,DUNFORD - NO,380042,,LAURENCE J. DUNFORD - NO
509,GE 2016,COOK CIRCUIT - RETAIN BALANOFF,23044,ROBERT,BALANOFF - YES,991477,,ROBERT BALANOFF - YES
510,GE 2016,COOK CIRCUIT - RETAIN BALANOFF,23045,ROBERT,BALANOFF - NO,378395,,ROBERT BALANOFF - NO
511,GE 2016,"COOK CIRCUIT - RETAIN BERNSTEIN, JEANNE",23046,JEANNE R. CLEVELAND,BERNSTEIN - YES,1007857,,JEANNE R. CLEVELAND BERNSTEIN - YES
512,GE 2016,"COOK CIRCUIT - RETAIN BERNSTEIN, JEANNE",23047,JEANNE R. CLEVELAND,BERNSTEIN  - NO,369019,,JEANNE R. CLEVELAND BERNSTEIN  - NO
513,GE 2016,COOK CIRCUIT - RETAIN BURKE,23048,KATHLEEN MARIE,BURKE - YES,1075971,,KATHLEEN MARIE BURKE - YES
514,GE 2016,COOK CIRCUIT - RETAIN BURKE,23049,KATHLEEN MARIE,BURKE - NO,319279,,KATHLEEN MARIE BURKE - NO
515,GE 2016,COOK CIRCUIT - RETAIN HANLON,23050,KAY MARIE,HANLON - YES,1046359,,KAY MARIE HANLON - YES
516,GE 2016,COOK CIRCUIT - RETAIN HANLON,23051,KAY MARIE,HANLON - NO,332799,,KAY MARIE HANLON - NO
517,GE 2016,COOK CIRCUIT - RETAIN KELLEY,23052,THOMAS J.,KELLEY - YES,1046878,,THOMAS J. KELLEY - YES
518,GE 2016,COOK CIRCUIT - RETAIN KELLEY,23053,THOMAS J.,KELLEY - NO,330097,,THOMAS J. KELLEY - NO
519,GE 2016,COOK CIRCUIT - RETAIN MCWILLIAMS,23054,CLARE ELIZABETH,McWILLIAMS - YES,1061632,,CLARE ELIZABETH McWILLIAMS - YES
520,GE 2016,COOK CIRCUIT - RETAIN MCWILLIAMS,23055,CLARE ELIZABETH,McWILLIAMS - NO,314717,,CLARE ELIZABETH McWILLIAMS - NO
521,GE 2016,COOK CIRCUIT - RETAIN MIKVA,23056,MARY LANE,MIKVA - YES,1041855,,MARY LANE MIKVA - YES
522,GE 2016,COOK CIRCUIT - RETAIN MIKVA,23057,MARY LANE,MIKVA - NO,339959,,MARY LANE MIKVA - NO
523,GE 2016,"COOK CIRCUIT - RETAIN MURPHY, PATRICK",23058,PATRICK T.,MURPHY - YES,1052419,,PATRICK T. MURPHY - YES
524,GE 2016,"COOK CIRCUIT - RETAIN MURPHY, PATRICK",23059,PATRICK T.,MURPHY - NO,341604,,PATRICK T. MURPHY - NO
525,GE 2016,"COOK CIRCUIT - RETAIN MURPHY, TIMOTHY",23060,TIMOTHY PATRICK,MURPHY - YES,1046121,,TIMOTHY PATRICK MURPHY - YES
526,GE 2016,"COOK CIRCUIT - RETAIN MURPHY, TIMOTHY",23061,TIMOTHY PATRICK,MURPHY - NO,346166,,TIMOTHY PATRICK MURPHY - NO
527,GE 2016,COOK CIRCUIT - RETAIN RYAN,23064,JIM,RYAN - YES,1027629,,JIM RYAN - YES
528,GE 2016,COOK CIRCUIT - RETAIN RYAN,23065,JIM,RYAN - NO,358785,,JIM RYAN - NO
529,GE 2016,"COOK CIRCUIT - RETAIN WASHINGTON, II",23066,"EDWARD ""ED""","WASHINGTON, II - YES",1018269,,"EDWARD ""ED"" WASHINGTON, II - YES"
530,GE 2016,"COOK CIRCUIT - RETAIN WASHINGTON, II",23067,"EDWARD ""ED""","WASHINGTON, II - NO",353492,,"EDWARD ""ED"" WASHINGTON, II - NO"
531,GE 2016,COOK CIRCUIT - RETAIN WILSON,23068,THADDEUS L.,WILSON - YES,1028100,,THADDEUS L. WILSON - YES
532,GE 2016,COOK CIRCUIT - RETAIN WILSON,23069,THADDEUS L.,WILSON - NO,345121,,THADDEUS L. WILSON - NO
533,GE 2016,COOK CIRCUIT - RETAIN GRIFFIN,23070,JOHN C.,GRIFFIN - YES,1031276,,JOHN C. GRIFFIN - YES
534,GE 2016,COOK CIRCUIT - RETAIN GRIFFIN,23071,JOHN C.,GRIFFIN - NO,337575,,JOHN C. GRIFFIN - NO
535,GE 2016,COOK CIRCUIT - RETAIN PIERCE,23072,DANIEL JAMES,PIERCE - YES,1024966,,DANIEL JAMES PIERCE - YES
536,GE 2016,COOK CIRCUIT - RETAIN PIERCE,23073,DANIEL JAMES,PIERCE - NO,343794,,DANIEL JAMES PIERCE - NO
537,GE 2016,COOK CIRCUIT - RETAIN HOOKS,23074,WILLIAM H.,HOOKS - YES,1015558,,WILLIAM H. HOOKS - YES
538,GE 2016,COOK CIRCUIT - RETAIN HOOKS,23075,WILLIAM H.,HOOKS - NO,354410,,WILLIAM H. HOOKS - NO
539,GE 2016,COOK CIRCUIT - RETAIN LYONS,23076,THOMAS V.,LYONS - YES,1021538,,THOMAS V. LYONS - YES
540,GE 2016,COOK CIRCUIT - RETAIN LYONS,23077,THOMAS V.,LYONS - NO,345360,,THOMAS V. LYONS - NO
541,GE 2016,COOK CIRCUIT - RETAIN MITCHELL,23078,RAYMOND W.,MITCHELL - YES,1033103,,RAYMOND W. MITCHELL - YES
542,GE 2016,COOK CIRCUIT - RETAIN MITCHELL,23079,RAYMOND W.,MITCHELL - NO,334480,,RAYMOND W. MITCHELL - NO
543,GE 2016,COOK CIRCUIT - RETAIN HARMENING,23080,EDWARD,HARMENING - YES,992371,,EDWARD HARMENING - YES
544,GE 2016,COOK CIRCUIT - RETAIN HARMENING,23081,EDWARD,HARMENING - NO,370690,,EDWARD HARMENING - NO
545,GE 2016,"COOK CIRCUIT - RETAIN MURPHY, ALLEN",23082,ALLEN F.,MURPHY - YES,1031681,,ALLEN F. MURPHY - YES
546,GE 2016,"COOK CIRCUIT - RETAIN MURPHY, ALLEN",23083,ALLEN F.,MURPHY - NO,340380,,ALLEN F. MURPHY - NO
547,GE 2016,COOK CIRCUIT - RETAIN MALONE,23084,DANIEL,MALONE - YES,1025323,,DANIEL MALONE - YES
548,GE 2016,COOK CIRCUIT - RETAIN MALONE,23085,DANIEL,MALONE - NO,345760,,DANIEL MALONE - NO
549,GE 2016,COOK CIRCUIT - RETAIN KULL,23086,GEARY W.,KULL - YES,971350,,GEARY W. KULL - YES
550,GE 2016,COOK CIRCUIT - RETAIN KULL,23087,GEARY W.,KULL - NO,384680,,GEARY W. KULL - NO
551,GE 2016,7TH CONGRESS,23088,JEFFREY A.,LEEF,46882,REP,JEFFREY A. LEEF
552,GE 2016,22ND SENATE,23089,TRACY,SMODILLA,21991,REP,TRACY SMODILLA
553,GE 2016,5TH CONGRESS,23090,VINCE,KOLBER,86222,REP,VINCE KOLBER
554,GE 2016,"COOK CIRCUIT - RETAIN CALLAHAN, JR.",23092,JOHN P.,"CALLAHAN, JR. - YES",1020985,,"JOHN P. CALLAHAN, JR. - YES"
555,GE 2016,"COOK CIRCUIT - RETAIN CALLAHAN, JR.",23093,JOHN P.,"CALLAHAN, JR. - NO",347269,,"JOHN P. CALLAHAN, JR. - NO"
556,GE 2016,"COOK CIRCUIT - RETAIN BERNSTEIN, STEVEN",23094,STEVEN JAMES,BERNSTEIN - YES,999567,,STEVEN JAMES BERNSTEIN - YES
557,GE 2016,"COOK CIRCUIT - RETAIN BERNSTEIN, STEVEN",23095,STEVEN JAMES,BERNSTEIN - NO,364467,,STEVEN JAMES BERNSTEIN - NO
558,GE 2016,COOK CIRCUIT - RETAIN COLEMAN,23096,BONITA,COLEMAN - YES,1026387,,BONITA COLEMAN - YES
559,GE 2016,COOK CIRCUIT - RETAIN COLEMAN,23097,BONITA,COLEMAN - NO,355809,,BONITA COLEMAN - NO
560,GE 2016,COOK CIRCUIT - RETAIN COLLINS,23098,ANN FINLEY,COLLINS - YES,1059720,,ANN FINLEY COLLINS - YES
561,GE 2016,COOK CIRCUIT - RETAIN COLLINS,23099,ANN FINLEY,COLLINS - NO,309604,,ANN FINLEY COLLINS - NO
562,GE 2016,COOK CIRCUIT - RETAIN GALLAGHER,23100,DANIEL J.,GALLAGHER - YES,1016748,,DANIEL J. GALLAGHER - YES
563,GE 2016,COOK CIRCUIT - RETAIN GALLAGHER,23101,DANIEL J.,GALLAGHER - NO,349396,,DANIEL J. GALLAGHER - NO
564,GE 2016,COOK CIRCUIT - RETAIN JOHNSON,23102,SHARON O.,JOHNSON - YES,1059200,,SHARON O. JOHNSON - YES
565,GE 2016,COOK CIRCUIT - RETAIN JOHNSON,23103,SHARON O.,JOHNSON - NO,313858,,SHARON O. JOHNSON - NO
566,GE 2016,COOK CIRCUIT - RETAIN JONES,23104,LINZEY D.,JONES - YES,1033687,,LINZEY D. JONES - YES
567,GE 2016,COOK CIRCUIT - RETAIN JONES,23105,LINZEY D.,JONES - NO,318486,,LINZEY D. JONES - NO
568,GE 2016,COOK CIRCUIT - RETAIN MACCARTHY,23106,TERRY,MacCARTHY  - YES,1031139,,TERRY MacCARTHY  - YES
569,GE 2016,COOK CIRCUIT - RETAIN MACCARTHY,23107,TERRY,MacCARTHY  - NO,328529,,TERRY MacCARTHY  - NO
570,GE 2016,COOK CIRCUIT - RETAIN RAMOS,23108,SANDRA G.,RAMOS  - YES,1069523,,SANDRA G. RAMOS  - YES
571,GE 2016,COOK CIRCUIT - RETAIN RAMOS,23109,SANDRA G.,RAMOS  - NO,318569,,SANDRA G. RAMOS  - NO
572,GE 2016,COOK CIRCUIT - RETAIN  KENNEDY SULLIVAN,23110,SUSAN,KENNEDY SULLIVAN  - YES,1093523,,SUSAN KENNEDY SULLIVAN  - YES
573,GE 2016,COOK CIRCUIT - RETAIN  KENNEDY SULLIVAN,23111,SUSAN,KENNEDY SULLIVAN  - NO,292719,,SUSAN KENNEDY SULLIVAN  - NO
574,GE 2016,111TH REPRESENTATIVE,23112,MIKE,BABCOCK,22353,REP,MIKE BABCOCK
575,GE 2016,19TH CIRCUIT - RETAIN LEVITT,23113,MARK L.,LEVITT - NO,42610,,MARK L. LEVITT - NO
576,GE 2016,4TH CIRCUIT - RETAIN STEDELIN,23114,MARK W.,STEDELIN - NO,23538,,MARK W. STEDELIN - NO
577,GE 2016,18TH CONGRESS,23115,JUNIUS,RODRIGUEZ,96770,DEM,JUNIUS RODRIGUEZ
578,GE 2016,32ND SENATE,23117,MELISSA,COYNE,31217,DEM,MELISSA COYNE
579,GE 2016,50TH REPRESENTATIVE,23118,VALERIE L.,BURD,20830,DEM,VALERIE L. BURD
580,GE 2016,48TH REPRESENTATIVE,23119,STEVE,SWANSON,23676,DEM,STEVE SWANSON
581,GE 2016,110TH REPRESENTATIVE,23120,DENNIS F.,MALAK,16121,DEM,DENNIS F. MALAK
582,GE 2016,26TH SENATE,23121,KELLY,MAZESKI,43738,DEM,KELLY MAZESKI
583,GE 2016,14TH REPRESENTATIVE,23123,ARTHUR NOAH,SIEGEL,7259,IND,ARTHUR NOAH SIEGEL
584,GE 2016,UNITED STATES SENATOR,23127,KENTON,McMILLEN,175988,LIB,KENTON McMILLEN
585,GE 2016,COMPTROLLER,23128,CLAIRE,BALL,187017,LIB,CLAIRE BALL
586,GE 2016,PRESIDENT AND VICE PRESIDENT,23137,JILL,STEIN,76802,GRN,JILL STEIN
587,GE 2016,UNITED STATES SENATOR,23139,SCOTT,SUMMERS,117619,GRN,SCOTT SUMMERS
588,GE 2016,COMPTROLLER,23140,TIM,CURTIN,144559,GRN,TIM CURTIN
589,GE 2016,63RD REPRESENTATIVE,23145,JOHN M.,BARTMAN,19808,DEM,JOHN M. BARTMAN
590,GE 2016,75TH REPRESENTATIVE,23146,DAVID ALLEN,WELTER,29030,REP,DAVID ALLEN WELTER
591,GE 2016,For the proposed addition of Section 11 to Article IX of the Illinois Constitution.,23147,,YES,3796654,,
592,GE 2016,For the proposed addition of Section 11 to Article IX of the Illinois Constitution.,23148,,NO,1014461,,
593,GE 2016,PRESIDENT AND VICE PRESIDENT,23150,DONALD J.,TRUMP,2146015,REP,DONALD J. TRUMP
594,GE 2016,PRESIDENT AND VICE PRESIDENT,23151,GARY,JOHNSON,209596,LIB,GARY JOHNSON
595,GE 2016,81ST REPRESENTATIVE,23153,DAVID S.,OLSEN,29406,REP,DAVID S. OLSEN
596,GE 2016,PRESIDENT AND VICE PRESIDENT,23154,HILLARY RODHAM,CLINTON,3090729,DEM,HILLARY RODHAM CLINTON
597,GE 2016,MASON/TAZEWELL/WOODFORD SUPERINTENDENT OF SCHOOLS,23158,PATRICK,DURLEY,76145,REP,PATRICK DURLEY
598,GE 2016,PRESIDENT AND VICE PRESIDENT,23163,TOM,HOEFLING,175,,TOM HOEFLING
599,GE 2016,PRESIDENT AND VICE PRESIDENT,23164,LAIO,MORRIS,10,,LAIO MORRIS
600,GE 2016,PRESIDENT AND VICE PRESIDENT,23165,JOSEPH A.,MALDONADO,20,,JOSEPH A. MALDONADO
601,GE 2016,PRESIDENT AND VICE PRESIDENT,23166,ROY WAYNE,TYREE,3,,ROY WAYNE TYREE
602,GE 2016,PRESIDENT AND VICE PRESIDENT,23167,JOANN,BREIVOGEL,12,,JOANN BREIVOGEL
603,GE 2016,PRESIDENT AND VICE PRESIDENT,23168,DUFF COOPER,SMITH,4,,DUFF COOPER SMITH
604,GE 2016,PRESIDENT AND VICE PRESIDENT,23169,EVAN,MCMULLIN,11655,,EVAN MCMULLIN
605,GE 2016,UNITED STATES SENATOR,23170,JIM,BROWN,106,,JIM BROWN
606,GE 2016,UNITED STATES SENATOR,23171,SUSANA,SANDOVAL,42,,SUSANA SANDOVAL
607,GE 2016,16TH CONGRESS,23172,JOHN F.,BURCHARDT,131,,JOHN F. BURCHARDT
608,GE 2016,PRESIDENT AND VICE PRESIDENT,23173,CHERUNDA,FOX,3,,CHERUNDA FOX
609,GE 2016,UNITED STATES SENATOR,23175,CHAD,KOPPIE,408,,CHAD KOPPIE
610,GE 2016,18TH CONGRESS,23176,DON,VANCE,7,,DON VANCE
611,GE 2016,PRESIDENT AND VICE PRESIDENT,23179,BEN,HARTNELL,6,,BEN HARTNELL
612,GE 2016,PRESIDENT AND VICE PRESIDENT,23180,JAMES,ANDERSON,61,,JAMES ANDERSON
613,GE 2016,PRESIDENT AND VICE PRESIDENT,23181,JONATHAN,LEE,7,,JONATHAN LEE
614,GE 2016,UNITED STATES SENATOR,23182,CHRISTOPHER,AGUAYO,77,,CHRISTOPHER AGUAYO
615,GE 2016,PRESIDENT AND VICE PRESIDENT,23183,DAVID,FORMHALS,0,,DAVID FORMHALS
616,GE 2016,PRESIDENT AND VICE PRESIDENT,23184,JIM,BROWN,0,,JIM BROWN
617,GE 2016,PRESIDENT AND VICE PRESIDENT,23185,SHELIA MARIE,BOLAR,0,,SHELIA MARIE BOLAR
618,GE 2016,PRESIDENT AND VICE PRESIDENT,23186,NATHAN,JOHNSON,1,,NATHAN JOHNSON
619,GE 2016,95TH REPRESENTATIVE,23187,JAKE,LEONARD,13,,JAKE LEONARD
620,GE 2016,47TH SENATE,23188,KURT,FOWLER,112,,KURT FOWLER
621,GE 2016,70TH REPRESENTATIVE,23189,BRIAN,SOLAR,8,,BRIAN SOLAR
622,GE 2016,PRESIDENT AND VICE PRESIDENT,23190,DAVID G.,STACK,10,,DAVID G. STACK
623,GE 2016,2ND CONGRESS,23191,JAMES,REYNOLDS,0,,JAMES REYNOLDS
624,GE 2016,UNITED STATES SENATOR,23192,ERIC KUFI JAMES,STEWART,5,,ERIC KUFI JAMES STEWART
625,GE 2016,52ND REPRESENTATIVE,23193,CHRIS,BAUMAN,11,,CHRIS BAUMAN
626,GE 2016,PRESIDENT AND VICE PRESIDENT,23194,DEM J.,WYSINGER,1,,DEM J. WYSINGER
627,GE 2016,94TH REPRESENTATIVE,23195,ROGER,DAVIS,1,,ROGER DAVIS
628,GE 2016,3RD CONGRESS,23196,DIANE,HARRIS,91,,DIANE HARRIS
629,GE 2016,5TH CONGRESS,23197,MICHAEL,KRYNSKI,3,,MICHAEL KRYNSKI
630,GE 2016,PRESIDENT AND VICE PRESIDENT,23198,KEVIN,MCKEE,24,,KEVIN MCKEE
631,GE 2016,PRESIDENT AND VICE PRESIDENT,23199,MATTHEW,ROBERTS,8,,MATTHEW ROBERTS
632,GE 2016,PRESIDENT AND VICE PRESIDENT,23200,PHILLIP,SEEBERG,27,,PHILLIP SEEBERG
633,GE 2016,UNITED STATES SENATOR,23201,PATRICIA,BEARD,1,,PATRICIA BEARD
634,GE 2016,75TH REPRESENTATIVE,23202,WILLARD H.,"HARPER, JR.",6,,"WILLARD H. HARPER, JR."
635,GE 2016,10TH CONGRESS,23203,JOSEPH WILLIAM,KOPSICK,26,,JOSEPH WILLIAM KOPSICK
636,GE 2016,PRESIDENT AND VICE PRESIDENT,23204,AUTHOR C.,BRUMFIELD,5,,AUTHOR C. BRUMFIELD
637,GE 2016,PRESIDENT AND VICE PRESIDENT,23205,JAMES T.,STRUCK,1,,JAMES T. STRUCK
638,GE 2016,PRESIDENT AND VICE PRESIDENT,23206,MARK J.,HARPER,1,,MARK J. HARPER
639,GE 2016,PRESIDENT AND VICE PRESIDENT,23207,TIMOTHY B.,MELUCH,3,,TIMOTHY B. MELUCH
640,GE 2016,43RD REPRESENTATIVE,23208,RICHARD,EVANS,231,,RICHARD EVANS
641,GE 2016,1ST CONGRESS,23209,TABITHA,CARSON,8,,TABITHA CARSON
642,GE 2016,9TH CONGRESS,23210,SUSANNE,ATANUS,13,,SUSANNE ATANUS
643,GE 2016,9TH CONGRESS,23211,DAVID,WILLIAMS,79,,DAVID WILLIAMS
644,GE 2016,10TH SENATE,23212,JONATHON,LUERS,13,,JONATHON LUERS
645,GE 2016,COOK - 1ST SUBCIRCUIT - HOPKINS VACANCY,23213,MARYAM,AHMAD,884,,MARYAM AHMAD
646,GE 2016,PRESIDENT AND VICE PRESIDENT,23217,LAURENCE,KOTLIKOFF,82,,LAURENCE KOTLIKOFF
647,GE 2016,PRESIDENT AND VICE PRESIDENT,23218,DARRELL,CASTLE,1138,,DARRELL CASTLE
648,GE 2016,PRESIDENT AND VICE PRESIDENT,23220,MARSHALL ROY,SCHOENKE,25,,MARSHALL ROY SCHOENKE
